id,symbol,construct,original_def_source,this_study_use,spoken_stand_in,not_this,spine_node,chapter,companion
THY-001,P,power,Mitchell et al. (1997),"Who could force, withhold, delay, override, or stop a recovery action in the named incident","request, pressure, delay, override, stop",Theme title; spoken 'power problem'; snippet count as importance,Framework,II/III,docs/symbols-definitions-refs.md
THY-002,L,legitimacy,Mitchell et al. (1997),Whose claim was treated as rightful or out of line,"right to ask, in line, out of line",Theme title; NIST scoring,Framework,II/III,docs/symbols-definitions-refs.md
THY-003,U,urgency,Mitchell et al. (1997),What made restoration time-critical and whether ranking moved,"time-critical, clock, later",Theme title,Framework,II/III,docs/symbols-definitions-refs.md
THY-004,Lev,leverage_location,this study operational (not a Mitchell type),"Enacted combination of P/L/U: who moved restore order or redefined done, and what supplied the pull","who moved it, what supplied the pull",Fourth salience attribute; Delve theme title,Framework,III,docs/notion/templates/leverage-memo.csv
THY-005,DR,decision_rights,study spine / PQ2,Who was supposed to decide versus who did,who made the call,Theme title,Framework,III,docs/notion/templates/construct-index.csv
THY-006,ESC,escalation,study spine / PQ2,Trigger and effect on speed or on done,"who it went to, what changed",Theme title; nothing-escalated as failed interview,Framework,III,docs/notion/templates/construct-index.csv
THY-007,AE,evidentiary_standards,study spine / PQ2,What counted as enough proof; whether proof was renegotiated,what counted as proof,NIST/ISO/BCM coding system,Framework,III,docs/symbols-definitions-refs.md
THY-008,RA,recoverability_assurance,Lowry et al. 2025; Park et al. 2023 (verify bibliographic details),Reviewable evidence that prioritized services can be restored within tolerance,what you would point to,Technical restoration only; Path C as missing data,Framework,II/III,docs/symbols-definitions-refs.md
THY-009,SAL→DR→ESC→AE→RA,proposed process model,Dissertation Spine_db,"Organizing conceptual model, not a proven substantive theory",not spoken,Deterministic causal law; finished theory claim,Framework,I/II/III,workspace-app/theory-spine.html
