id,construct,question,review_question,ethical_check,status,used_in_tab
IQ-01,Phenomenon / recoverability assurance,"Would the participant walk the researcher through a recent incident in which recoverability had to be demonstrated to others, including what counted as sufficient assurance?","Does the follow-up still ask about assurance production, or has it drifted into general IT operations?",Limits extraction to the incident the participant elects to narrate; no pressure to name clients or disclose restricted artifacts.,aligned,09_INTERVIEW_PROTOCOL
IQ-02,Stakeholder salience — power,"In that incident, whose requests or objections most strongly shaped who could authorize recovery actions, and how did the participant recognize that authority?","Does the review probe power as perceived by the participant, rather than the researcher’s preferred hierarchy?",Avoids asking the participant to evaluate named individuals for competence; focuses on role-based claims.,aligned,09_INTERVIEW_PROTOCOL
IQ-03,Stakeholder salience — legitimacy,"Which parties’ evidence or documentation requirements were treated as legitimate during recovery, and which claims were set aside?","Does the follow-up stay with legitimacy of claims, not the researcher’s view of who should have been heard?","Does not invite gossip about colleagues; asks about claims and artifacts, not personal character.",aligned,09_INTERVIEW_PROTOCOL
IQ-04,Stakeholder salience — urgency,"When time pressure increased, how did the participant decide whose urgency justified escalation or a lowered evidence threshold?",Does the review question still test urgency as a salience attribute rather than a generic stress story?,Allows the participant to withhold commercially sensitive timelines.,aligned,09_INTERVIEW_PROTOCOL
IQ-05,Decision-rights clarity,"How did the participant know who held decision rights for failover, restoration, exception approval, or communication to stakeholders?","Is the question still about decision rights, or has it become a general org-chart question?",Does not require the participant to produce internal RACI charts if that would breach policy.,aligned,09_INTERVIEW_PROTOCOL
IQ-06,Ethical / character-based leadership,"In that incident, how did the participant describe the standard they held themselves to when others wanted faster assurance than the evidence supported?","Does the follow-up still connect leadership self-discipline to assurance ethics, not charisma?",Frames leadership as the participant’s own account; does not score the participant against a preferred theory.,aligned,09_INTERVIEW_PROTOCOL
IQ-07,Adaptive leadership under change,"When the disruption unfolded differently than planned, what did the participant change about stakeholder communication, evidence, or escalation?","Does the review still ask about adaptation of governance, not a heroic-leader narrative?",Invites process description rather than blame assignment.,aligned,09_INTERVIEW_PROTOCOL
IQ-08,Trustworthiness / member meaning,"If the researcher summarized the incident as a story about whose claims counted, what would the participant correct?","Is this still a member-check on meaning, not a request for the participant to validate the researcher’s theory?",Gives the participant the last word on interpretation of their account.,aligned,09_INTERVIEW_PROTOCOL
IQ-09,Template — unaligned placeholder,[Draft] What does the participant think about leadership in general?,This question does not map to a defined construct and must not be used for extraction until aligned.,Flagged unaligned: extraction from this prompt would invent codes not warranted by the protocol.,unaligned,09_INTERVIEW_PROTOCOL
